M	N	K	EPI	rank	status	ms	cyc	algoId	tile	stages	cluster	splitk	swizzle	waves	ws_MB	tile_name
928256	768	3072	3	1	OK	1.0438	1926553	66	23	36	-1	1	0	147.00	0.0	128x256
928256	768	3072	3	2	OK	1.0489	1935607	66	201	36	-1	1	0	213.85	0.0	176x128
928256	768	3072	3	3	OK	1.0911	2013128	66	32	36	-1	1	0	196.00	0.0	128x192
928256	3072	768	2	1	OK	2.5738	4742601	71	23	36	-1	1	0	1.00	0.0	128x256
928256	3072	768	2	2	OK	2.5750	4748223	71	23	36	-1	1	0	1.00	0.0	128x256
928256	3072	768	2	3	OK	2.5845	4763438	71	23	36	-1	1	0	1.00	0.0	128x256
928256	2048	1024	3	1	OK	1.2423	2290867	66	23	36	-1	1	0	392.00	0.0	128x256
928256	2048	1024	3	2	OK	1.3261	2445493	66	32	36	-1	1	0	539.00	0.0	128x192
928256	2048	1024	3	3	OK	1.3649	2517588	66	29	36	-1	1	0	637.00	0.0	id=29
928256	2048	1024	0	1	OK	1.1581	2136980	66	23	36	-1	1	0	392.00	0.0	128x256
928256	2048	1024	0	2	OK	1.2258	2260946	66	32	36	-1	1	0	539.00	0.0	128x192
928256	2048	1024	0	3	OK	1.2853	2370530	66	29	36	-1	1	0	637.00	0.0	id=29
928256	768	1024	3	-	FAIL(0)	-	-	-	-	-	-	-	-	-	-	-
928256	768	2048	3	-	FAIL(0)	-	-	-	-	-	-	-	-	-	-	-
928256	768	4096	3	1	OK	1.3607	2511103	66	23	36	-1	1	0	147.00	0.0	128x256
928256	768	4096	3	2	OK	1.3713	2530503	66	201	36	-1	1	0	213.85	0.0	176x128
928256	768	4096	3	3	OK	1.4079	2598052	66	32	36	-1	1	0	196.00	0.0	128x192
928256	768	6144	3	1	OK	2.0007	3691721	66	23	36	-1	1	0	147.00	0.0	128x256
928256	768	6144	3	2	OK	2.0277	3741641	66	201	36	-1	1	0	213.85	0.0	176x128
928256	768	6144	3	3	OK	2.0570	3795579	66	32	36	-1	1	0	196.00	0.0	128x192
928256	768	8192	3	1	OK	2.6896	4962802	66	201	36	-1	1	0	213.85	0.0	176x128
928256	768	8192	3	2	OK	2.6935	4969890	66	23	36	-1	1	0	147.00	0.0	128x256
928256	768	8192	3	3	OK	2.7215	5015656	66	32	36	-1	1	0	196.00	0.0	128x192
928256	256	1024	3	-	FAIL(0)	-	-	-	-	-	-	-	-	-	-	-
928256	256	2048	3	-	FAIL(0)	-	-	-	-	-	-	-	-	-	-	-
928256	256	4096	3	-	FAIL(0)	-	-	-	-	-	-	-	-	-	-	-
928256	256	8192	3	1	OK	1.3348	2461331	66	201	36	-1	1	0	71.28	0.0	176x128
928256	256	8192	3	2	OK	1.4519	2679328	66	24	36	-1	1	0	49.00	0.0	256x128
928256	256	8192	3	3	OK	1.4640	2700239	66	264	36	-1	1	0	32.68	0.0	id=264
928256	512	1024	3	-	FAIL(0)	-	-	-	-	-	-	-	-	-	-	-
928256	512	2048	3	-	FAIL(0)	-	-	-	-	-	-	-	-	-	-	-
928256	512	4096	3	1	OK	0.9584	1769160	66	23	36	-1	1	0	98.00	0.0	128x256
928256	512	4096	3	2	OK	0.9612	1773668	66	201	36	-1	1	0	142.57	0.0	176x128
928256	512	4096	3	3	OK	1.0481	1932651	66	513	36	-1	1	0	49.00	0.0	id=513
928256	512	8192	3	1	OK	1.8741	3458750	66	23	36	-1	1	0	98.00	0.0	128x256
928256	512	8192	3	2	OK	1.8930	3492624	66	201	36	-1	1	0	142.57	0.0	176x128
928256	512	8192	3	3	OK	1.9546	3605342	66	513	36	-1	1	0	49.00	0.0	id=513
928256	1024	1024	3	-	FAIL(0)	-	-	-	-	-	-	-	-	-	-	-
928256	1024	2048	3	1	OK	0.9854	1819340	66	23	36	-1	1	0	196.00	0.0	128x256
928256	1024	2048	3	2	OK	1.0329	1905726	66	201	36	-1	1	0	285.14	0.0	176x128
928256	1024	2048	3	3	OK	1.1265	2078202	66	184	36	-1	1	0	348.49	0.0	id=184
928256	1024	4096	3	1	OK	1.7948	3311796	66	201	36	-1	1	0	285.14	0.0	176x128
928256	1024	4096	3	2	OK	1.7948	3312078	66	23	36	-1	1	0	196.00	0.0	128x256
928256	1024	4096	3	3	OK	1.9611	3618071	66	184	36	-1	1	0	348.49	0.0	id=184
928256	1024	8192	3	1	OK	3.5457	6541679	66	23	36	-1	1	0	196.00	0.0	128x256
928256	1024	8192	3	2	OK	3.5679	6534248	66	201	36	-1	1	0	285.14	0.0	176x128
928256	1024	8192	3	3	OK	3.8156	7037817	66	513	36	-1	1	0	98.00	0.0	id=513
928256	2048	2048	3	1	OK	1.8612	3434171	66	23	36	-1	1	0	392.00	0.0	128x256
928256	2048	2048	3	2	OK	2.0015	3673504	66	32	36	-1	1	0	539.00	0.0	128x192
928256	2048	2048	3	3	OK	2.0339	3752596	66	201	36	-1	1	0	570.27	0.0	176x128
928256	2048	4096	3	1	OK	3.5266	6507037	66	201	36	-1	1	0	570.27	0.0	176x128
928256	2048	4096	3	2	OK	3.5313	6515828	66	23	36	-1	1	0	392.00	0.0	128x256
928256	2048	4096	3	3	OK	3.8005	6931384	66	32	36	-1	1	0	539.00	0.0	128x192
928256	2048	8192	3	1	OK	6.9921	12901378	66	23	36	-1	1	0	392.00	0.0	128x256
928256	2048	8192	3	2	OK	7.0863	12959857	66	201	36	-1	1	0	570.27	0.0	176x128
928256	2048	8192	3	3	OK	7.4962	13797073	66	32	36	-1	1	0	539.00	0.0	128x192
928256	256	1024	0	1	OK	0.2114	390384	66	184	36	-1	1	0	87.12	0.0	id=184
928256	256	1024	0	2	OK	0.2134	394241	66	201	36	-1	1	0	71.28	0.0	176x128
928256	256	1024	0	3	OK	0.2144	396036	66	20	36	-1	1	0	98.00	0.0	id=20
928256	256	2048	0	1	OK	0.3611	666431	66	201	36	-1	1	0	71.28	0.0	176x128
928256	256	2048	0	2	OK	0.3704	683553	66	184	36	-1	1	0	87.12	0.0	id=184
928256	256	2048	0	3	OK	0.3736	689228	66	165	36	-1	1	0	112.00	0.0	id=165
928256	256	4096	0	1	OK	0.6352	1172416	66	201	36	-1	1	0	71.28	0.0	176x128
928256	256	4096	0	2	OK	0.6878	1268896	66	20	36	-1	1	0	98.00	0.0	id=20
928256	256	4096	0	3	OK	0.6906	1274686	66	184	36	-1	1	0	87.12	0.0	id=184
928256	256	8192	0	1	OK	1.3313	2454669	66	201	36	-1	1	0	71.28	0.0	176x128
928256	256	8192	0	2	OK	1.4483	2673429	66	24	36	-1	1	0	49.00	0.0	256x128
928256	256	8192	0	3	OK	1.4600	2692855	66	264	36	-1	1	0	32.68	0.0	id=264
928256	512	1024	0	1	OK	0.3292	608261	66	23	36	-1	1	0	98.00	0.0	128x256
928256	512	1024	0	2	OK	0.3701	682772	66	513	36	-1	1	0	49.00	0.0	id=513
928256	512	1024	0	3	OK	0.3708	684290	66	31	36	-1	1	0	130.68	0.0	id=31
928256	512	2048	0	1	OK	0.5389	994816	66	23	36	-1	1	0	98.00	0.0	128x256
928256	512	2048	0	2	OK	0.5434	1002835	66	201	36	-1	1	0	142.57	0.0	176x128
928256	512	2048	0	3	OK	0.5840	1077265	66	513	36	-1	1	0	49.00	0.0	id=513
928256	512	4096	0	1	OK	0.9511	1755463	66	23	36	-1	1	0	98.00	0.0	128x256
928256	512	4096	0	2	OK	0.9525	1757768	66	201	36	-1	1	0	142.57	0.0	176x128
928256	512	4096	0	3	OK	1.0262	1893290	66	513	36	-1	1	0	49.00	0.0	id=513
928256	512	8192	0	1	OK	1.8680	3446876	66	23	36	-1	1	0	98.00	0.0	128x256
928256	512	8192	0	2	OK	1.8843	3476820	66	201	36	-1	1	0	142.57	0.0	176x128
928256	512	8192	0	3	OK	1.9278	3556546	66	513	36	-1	1	0	49.00	0.0	id=513
928256	1024	1024	0	1	OK	0.5876	1084624	66	23	36	-1	1	0	196.00	0.0	128x256
928256	1024	1024	0	2	OK	0.6808	1256433	66	24	36	-1	1	0	196.00	0.0	256x128
928256	1024	1024	0	3	OK	0.7003	1290230	66	513	36	-1	1	0	98.00	0.0	id=513
928256	1024	2048	0	1	OK	0.9659	1782540	66	201	36	-1	1	0	285.14	0.0	176x128
928256	1024	2048	0	2	OK	0.9837	1815336	66	23	36	-1	1	0	196.00	0.0	128x256
928256	1024	2048	0	3	OK	1.0637	1962681	66	184	36	-1	1	0	348.49	0.0	id=184
928256	1024	4096	0	1	OK	1.7884	3299906	66	201	36	-1	1	0	285.14	0.0	176x128
928256	1024	4096	0	2	OK	1.7931	3309005	66	23	36	-1	1	0	196.00	0.0	128x256
928256	1024	4096	0	3	OK	1.9536	3604418	66	184	36	-1	1	0	348.49	0.0	id=184
928256	1024	8192	0	1	OK	3.5466	6543758	66	23	36	-1	1	0	196.00	0.0	128x256
928256	1024	8192	0	2	OK	3.5791	6534816	66	201	36	-1	1	0	285.14	0.0	176x128
928256	1024	8192	0	3	OK	3.7514	6920983	66	513	36	-1	1	0	98.00	0.0	id=513
928256	2048	2048	0	1	OK	1.8532	3419569	66	23	36	-1	1	0	392.00	0.0	128x256
928256	2048	2048	0	2	OK	1.8718	3453873	66	201	36	-1	1	0	570.27	0.0	176x128
928256	2048	2048	0	3	OK	1.9797	3652601	66	32	36	-1	1	0	539.00	0.0	128x192
928256	2048	4096	0	1	OK	3.5255	6505104	66	201	36	-1	1	0	570.27	0.0	176x128
928256	2048	4096	0	2	OK	3.5362	6524967	66	23	36	-1	1	0	392.00	0.0	128x256
928256	2048	4096	0	3	OK	3.7707	6898815	66	32	36	-1	1	0	539.00	0.0	128x192
928256	2048	8192	0	1	OK	6.9920	12901184	66	23	36	-1	1	0	392.00	0.0	128x256
928256	2048	8192	0	2	OK	7.0664	12966678	66	201	36	-1	1	0	570.27	0.0	176x128
928256	2048	8192	0	3	OK	7.4903	13797340	66	32	36	-1	1	0	539.00	0.0	128x192
